Symbol,Current Price,Volume 24h (USDT),Open Interest Value (USDT),Price Change 24h (%),MACD,MACD Signal,MACD Histogram,RSI,MA5,MA10,MA20,MA50,Bollinger Upper,Bollinger Middle,Bollinger Lower,Bollinger Position,Volume Ratio,Volume Trend,Prediction,Confidence (%),Timestamp
XRPUSDT,2.17550000,734360848.50,498740552.07,7.72,0.00666189,0.00625173,0.00082032,59.15,2.17752000,2.17721000,2.16481000,2.16449200,2.19192515,2.16481000,2.13769485,NORMAL,0.0035,-86674.511429,BUY,60.0,2025-12-03T04:00:02.457Z
DOGEUSDT,0.14729000,5539051826.00,207538224.49,8.13,0.00052800,0.00050865,0.00003870,60.88,0.14741600,0.14721500,0.14658550,0.14622520,0.14801109,0.14658550,0.14515991,NORMAL,0.0000,-463853.678195,BUY,60.0,2025-12-03T04:00:03.023Z
ASTERUSDT,1.04820000,377720552.00,157015138.92,7.44,0.00937329,0.00747257,0.00380144,69.51,1.04672000,1.04024000,1.02862500,1.01895000,1.05631593,1.02862500,1.00093407,NORMAL,0.0030,11497.784211,BUY,80.0,2025-12-03T04:00:05.693Z
SUIUSDT,1.63460000,450796081.40,146970605.58,20.98,0.00990356,0.01255683,-0.00530655,54.94,1.64280000,1.63784000,1.63459000,1.61624600,1.64998830,1.63459000,1.61919170,NORMAL,0.0166,130369.760150,SELL,75.0,2025-12-03T04:00:05.708Z
ENAUSDT,0.27560000,1123091244.00,114070443.96,15.51,0.00279234,0.00279808,-0.00001148,64.12,0.27482000,0.27429000,0.27191000,0.26689400,0.27734172,0.27191000,0.26647828,NORMAL,0.8184,46344.416541,SELL,75.0,2025-12-03T04:00:01.623Z
ADAUSDT,0.43780000,893047760.00,113804750.11,11.97,0.00175765,0.00182718,-0.00013907,61.87,0.43756000,0.43706000,0.43539500,0.43378400,0.44000563,0.43539500,0.43078437,NORMAL,0.5128,-98317.628571,SELL,55.0,2025-12-03T04:00:01.594Z
1000PEPEUSDT,0.00463180,92122181927.00,93549686.88,14.71,0.00003055,0.00003296,-0.00000484,64.65,0.00463060,0.00462029,0.00459775,0.00454864,0.00464797,0.00459775,0.00454754,NORMAL,0.0145,-12872561.545113,SELL,55.0,2025-12-03T04:00:06.030Z
PUMPUSDT,0.00331300,61654348635.00,88330746.47,16.82,0.00002437,0.00002725,-0.00000577,60.92,0.00330780,0.00330150,0.00328535,0.00322826,0.00332490,0.00328535,0.00324580,NORMAL,0.0084,-4179592.096992,SELL,55.0,2025-12-03T04:00:04.702Z
NEARUSDT,1.81400000,74618059.00,63468090.80,9.61,0.00434614,0.00282066,0.00305095,59.16,1.81540000,1.80920000,1.80390000,1.80770000,1.82159633,1.80390000,1.78620367,NORMAL,0.4936,15382.282707,BUY,80.0,2025-12-03T04:00:02.461Z
PIPPINUSDT,0.20144000,7328776812.00,62902918.10,12.17,-0.00505834,-0.00361638,-0.00288393,36.37,0.20299000,0.20648700,0.21369400,0.21821520,0.23108515,0.21369400,0.19630285,NORMAL,0.0147,-194429.457143,SELL,55.0,2025-12-03T04:00:05.120Z
APTUSDT,1.98680000,50560978.90,58107080.42,6.63,0.00602337,0.00610041,-0.00015408,54.39,1.99234000,1.98997000,1.98245000,1.97792600,2.00260148,1.98245000,1.96229852,NORMAL,0.0029,-12838.268195,SELL,55.0,2025-12-03T04:00:05.708Z
DOTUSDT,2.29000000,62340897.30,50579672.24,11.49,0.01309586,0.01318668,-0.00018164,64.29,2.28920000,2.28850000,2.27220000,2.25960000,2.30756439,2.27220000,2.23683561,NORMAL,0.0083,-1105.865865,SELL,55.0,2025-12-03T04:00:04.196Z
FARTCOINUSDT,0.35760000,965614059.90,49088040.78,8.33,0.00170919,0.00141954,0.00057930,54.59,0.35774000,0.35727000,0.35465500,0.35567200,0.36202642,0.35465500,0.34728358,NORMAL,0.0033,-42398.415038,BUY,60.0,2025-12-03T04:00:02.433Z
WLDUSDT,0.63130000,214336562.00,34950904.17,9.93,0.00025065,0.00002473,0.00045185,49.33,0.63204000,0.63141000,0.62955000,0.63642000,0.63491712,0.62955000,0.62418288,NORMAL,0.1160,2916.736090,BUY,80.0,2025-12-03T04:00:04.757Z
ALCHUSDT,0.19706000,707666856.00,32059227.72,39.21,0.00326812,0.00274575,0.00104476,59.31,0.20001000,0.19692100,0.19249550,0.19267680,0.20422552,0.19249550,0.18076548,NORMAL,0.0001,563039.067669,BUY,80.0,2025-12-03T04:00:03.023Z
XLMUSDT,0.25308000,298887438.00,30749369.52,8.48,0.00008277,0.00040982,-0.00065411,42.60,0.25420000,0.25459100,0.25468300,0.25443000,0.25662777,0.25468300,0.25273823,NORMAL,0.6466,-5953.009774,SELL,55.0,2025-12-03T04:00:03.080Z
WIFUSDT,0.40110000,367569392.20,29887609.36,16.46,0.00080786,0.00160142,-0.00158711,48.24,0.40232000,0.40259000,0.40355000,0.40275400,0.40615960,0.40355000,0.40094040,NORMAL,0.3455,-164289.558947,SELL,55.0,2025-12-03T04:00:02.381Z
PENGUUSDT,0.01213300,20475161783.00,29867087.21,25.13,0.00002741,0.00005202,-0.00004921,50.42,0.01213160,0.01219430,0.01217965,0.01218750,0.01236617,0.01217965,0.01199313,NORMAL,0.0078,-4485501.130075,SELL,55.0,2025-12-03T04:00:05.621Z
1000SHIBUSDT,0.00858900,8531315619.00,28779416.25,7.62,0.00003791,0.00003585,0.00000412,65.63,0.00859180,0.00857960,0.00853125,0.00850080,0.00863703,0.00853125,0.00842547,NORMAL,0.0004,-304863.228571,BUY,60.0,2025-12-03T04:00:03.023Z
HBARUSDT,0.14661000,615492503.00,27860087.56,10.51,0.00075769,0.00068662,0.00014214,62.26,0.14651600,0.14623100,0.14524050,0.14446660,0.14754360,0.14524050,0.14293740,NORMAL,0.0016,-113920.830075,BUY,60.0,2025-12-03T04:00:05.621Z
FETUSDT,0.25750000,311364575.00,26883490.41,12.45,0.00043958,0.00034855,0.00018205,52.46,0.25780000,0.25727000,0.25672000,0.25908600,0.25933197,0.25672000,0.25410803,NORMAL,0.4926,-55145.290226,BUY,60.0,2025-12-03T04:00:02.381Z
ARBUSDT,0.21480000,427905480.70,24833769.86,11.06,0.00076369,0.00076922,-0.00001105,60.24,0.21472000,0.21462000,0.21374000,0.21379800,0.21567639,0.21374000,0.21180361,NORMAL,0.0003,-72738.064135,SELL,55.0,2025-12-03T04:00:05.620Z
1000BONKUSDT,0.00980500,8187422986.00,24739225.10,12.03,0.00001328,0.00002933,-0.00003208,46.65,0.00983680,0.00985380,0.00985305,0.00983570,0.00991386,0.00985305,0.00979224,NORMAL,0.0128,-2570902.822556,SELL,55.0,2025-12-03T04:00:03.085Z
币安人生USDT,0.12843000,529368863.00,24456393.58,13.10,0.00234482,0.00214128,0.00040708,59.42,0.12915600,0.12892400,0.12560900,0.12256960,0.13335494,0.12560900,0.11786306,NORMAL,0.6261,213754.709023,BUY,80.0,2025-12-03T04:00:02.429Z
SEIUSDT,0.13940000,547430405.00,24283312.38,14.26,0.00046444,0.00045690,0.00001509,57.19,0.13952000,0.13948000,0.13870500,0.13914400,0.14047980,0.13870500,0.13693020,NORMAL,0.0001,-272080.182707,BUY,60.0,2025-12-03T04:00:04.676Z
TIAUSDT,0.62030000,151534341.00,24170980.81,11.27,0.00036284,0.00045531,-0.00018494,52.28,0.62002000,0.61961000,0.61953000,0.62404600,0.62395949,0.61953000,0.61510051,NORMAL,0.0009,-85152.924812,SELL,55.0,2025-12-03T04:00:02.395Z
ONDOUSDT,0.50540000,107411552.50,23947379.04,9.56,0.00140036,0.00142071,-0.00004071,54.12,0.50646000,0.50628000,0.50438500,0.50543800,0.50951424,0.50438500,0.49925576,NORMAL,0.5707,5401.057519,SELL,75.0,2025-12-03T04:00:01.610Z
STRKUSDT,0.12370000,505529197.70,23946741.12,5.82,-0.00004034,-0.00013680,0.00019293,48.92,0.12400000,0.12396000,0.12333000,0.12499400,0.12495493,0.12333000,0.12170507,NORMAL,0.8488,15881.789774,BUY,80.0,2025-12-03T04:00:03.090Z
FFUSDT,0.11800000,141935490.00,22114297.99,10.05,0.00096146,0.00082503,0.00027286,65.82,0.11826600,0.11735200,0.11656350,0.11516120,0.11881821,0.11656350,0.11430879,NORMAL,0.5963,-18171.622556,BUY,60.0,2025-12-03T04:00:01.608Z
PARTIUSDT,0.14140000,2160561152.00,21997454.11,41.43,0.00033828,-0.00003344,0.00074343,55.12,0.14038600,0.13866600,0.13859600,0.14151220,0.14297647,0.13859600,0.13421553,NORMAL,0.9185,-147766.395489,BUY,60.0,2025-12-03T04:00:02.454Z
OPUSDT,0.31660000,191376896.00,20646199.54,9.85,0.00054676,0.00082004,-0.00054656,49.61,0.31730000,0.31772000,0.31721500,0.31718200,0.31905812,0.31721500,0.31537188,NORMAL,0.0000,-14310.172707,SELL,55.0,2025-12-03T04:00:02.428Z
VIRTUALUSDT,0.97990000,84699836.80,17981827.34,17.68,0.01534309,0.01053729,0.00961160,74.96,0.97206000,0.95749000,0.94001000,0.93049000,0.98369139,0.94001000,0.89632861,NORMAL,0.0066,58623.803609,HOLD,60.0,2025-12-03T04:00:04.874Z
POLUSDT,0.12864000,196595239.00,17517036.92,8.75,-0.00013636,-0.00005168,-0.00016937,40.77,0.12923600,0.12924200,0.12943550,0.13036900,0.13038573,0.12943550,0.12848527,NORMAL,0.6516,-29775.712030,SELL,55.0,2025-12-03T04:00:02.404Z
ZEREBROUSDT,0.03456000,2397405546.00,17314166.81,5.85,0.00051437,0.00057738,-0.00012602,58.25,0.03449200,0.03455000,0.03418000,0.03280840,0.03526414,0.03418000,0.03309586,NORMAL,0.0152,-157595.125564,SELL,55.0,2025-12-03T04:00:05.728Z
LDOUSDT,0.62400000,75154207.00,16640422.54,11.01,0.00268425,0.00273181,-0.00009513,58.22,0.62460000,0.62400000,0.62128500,0.62064200,0.62799776,0.62128500,0.61457224,NORMAL,0.4049,381.757143,SELL,75.0,2025-12-03T04:00:01.615Z
JUPUSDT,0.25100000,115235047.00,16632899.72,6.36,0.00119186,0.00107500,0.00023371,64.47,0.25122000,0.25075000,0.24912000,0.24796800,0.25268573,0.24912000,0.24555427,NORMAL,0.0049,12285.215789,BUY,80.0,2025-12-03T04:00:04.674Z
PIEVERSEUSDT,0.55120000,970360088.00,15754816.91,52.90,0.00514265,0.01298671,-0.01568812,46.74,0.56836000,0.56097000,0.58406000,0.54350800,0.65698929,0.58406000,0.51113071,NORMAL,0.0301,-130148.817293,SELL,55.0,2025-12-03T04:00:03.023Z
METUSDT,0.32830000,81992106.00,14354438.80,8.74,0.00091937,0.00035768,0.00112338,58.22,0.32874000,0.32737000,0.32495000,0.32694600,0.33088110,0.32495000,0.31901890,NORMAL,0.0020,-21174.707519,BUY,60.0,2025-12-03T04:00:03.080Z
TNSRUSDT,0.12360000,927532782.70,12636570.94,7.83,-0.00034474,-0.00039150,0.00009353,49.86,0.12315200,0.12305700,0.12341150,0.12461680,0.12550965,0.12341150,0.12131335,NORMAL,0.5375,-108769.204887,BUY,60.0,2025-12-03T04:00:01.746Z
TURBOUSDT,0.00234880,115038593201.00,12541060.86,28.39,-0.00001938,0.00000115,-0.00004106,34.13,0.00237942,0.00242732,0.00245977,0.00247427,0.00256328,0.00245977,0.00235627,OVERSOLD,0.0041,-20300802.313534,SELL,55.0,2025-12-03T04:00:05.740Z
LIGHTUSDT,1.36650000,64441491.00,12381429.19,22.22,-0.01540068,0.01389319,-0.05858775,41.70,1.36464000,1.39921000,1.49865000,1.38869200,1.71401284,1.49865000,1.28328716,NORMAL,0.0011,-103803.336842,SELL,55.0,2025-12-03T04:00:03.116Z
EIGENUSDT,0.55980000,62876374.70,11335562.92,11.31,0.00226392,0.00330421,-0.00208057,50.96,0.56088000,0.56283000,0.56291500,0.55823400,0.56736844,0.56291500,0.55846156,NORMAL,0.5858,-50780.403910,SELL,55.0,2025-12-03T04:00:03.023Z
TRADOORUSDT,1.56100000,259726844.00,10793876.43,9.78,-0.00091325,-0.00624254,0.01065858,51.58,1.55440000,1.54890000,1.53825000,1.59916000,1.61723576,1.53825000,1.45926424,NORMAL,0.0005,-49159.135338,BUY,60.0,2025-12-03T04:00:04.758Z
HUMAUSDT,0.02773600,336036049.00,10138423.59,6.46,0.00010277,0.00013184,-0.00005813,51.26,0.02772360,0.02791480,0.02770815,0.02753706,0.02827589,0.02770815,0.02714041,NORMAL,0.0131,-10158.811278,SELL,55.0,2025-12-03T04:00:04.673Z
BEATUSDT,0.84810000,102939017.00,10132112.69,12.51,0.00269618,0.00467981,-0.00396727,48.69,0.85062000,0.85529000,0.85581500,0.85950600,0.89632225,0.85581500,0.81530775,NORMAL,0.3902,-13360.274436,SELL,55.0,2025-12-03T04:00:02.635Z
ALGOUSDT,0.14080000,131004488.50,8992495.60,8.64,0.00074701,0.00066491,0.00016420,67.26,0.14094000,0.14055000,0.13969500,0.13912000,0.14167941,0.13969500,0.13771059,NORMAL,0.5949,20610.522406,BUY,80.0,2025-12-03T04:00:04.610Z
ATHUSDT,0.01507000,319105385.00,8986381.30,12.29,0.00018078,0.00012541,0.00011073,66.51,0.01516000,0.01496900,0.01469250,0.01464020,0.01534845,0.01469250,0.01403655,NORMAL,0.0007,133538.878195,BUY,80.0,2025-12-03T04:00:05.907Z
BUSDT,0.21690000,201343831.00,8645447.03,37.28,0.00344041,0.00316989,0.00054105,63.84,0.21652000,0.21459000,0.21094000,0.20634400,0.22003624,0.21094000,0.20184376,NORMAL,0.5815,59016.668421,BUY,80.0,2025-12-03T04:00:01.677Z
BIOUSDT,0.05387000,319048401.00,8640255.45,6.78,0.00019527,0.00015877,0.00007301,58.79,0.05393400,0.05378500,0.05349350,0.05355200,0.05416917,0.05349350,0.05281783,NORMAL,0.0033,21736.800752,BUY,80.0,2025-12-03T04:00:02.428Z
AVNTUSDT,0.34950000,50358095.00,8294906.83,7.77,0.00301492,0.00240895,0.00121194,59.75,0.35136000,0.34981000,0.34538000,0.34397400,0.35583344,0.34538000,0.33492656,NORMAL,0.6369,30971.442857,BUY,80.0,2025-12-03T04:00:03.024Z
GALAUSDT,0.00746000,4628688371.00,8169786.36,10.85,0.00002102,0.00002687,-0.00001169,52.94,0.00747400,0.00748000,0.00745900,0.00745100,0.00751658,0.00745900,0.00740142,NORMAL,0.0749,-493111.733835,SELL,55.0,2025-12-03T04:00:04.658Z
SUPERUSDT,0.26790000,327153222.00,8052047.33,19.12,0.00172801,0.00205207,-0.00064812,51.62,0.26836000,0.26941000,0.26724500,0.26515400,0.27774728,0.26724500,0.25674272,NORMAL,0.0395,-257379.801504,SELL,55.0,2025-12-03T04:00:01.532Z
SUSDT,0.10360000,139727480.00,7774887.60,9.75,0.00024124,0.00030239,-0.00012229,53.29,0.10374000,0.10384000,0.10354000,0.10355200,0.10431305,0.10354000,0.10276695,NORMAL,0.0451,-20717.766165,SELL,55.0,2025-12-03T04:00:02.413Z
VETUSDT,0.01336000,1018270955.00,7696999.76,8.22,0.00003617,0.00003586,0.00000064,58.69,0.01336540,0.01335950,0.01331455,0.01330328,0.01342294,0.01331455,0.01320616,NORMAL,0.0010,-345515.593985,BUY,60.0,2025-12-03T04:00:02.045Z
DYDXUSDT,0.23100000,145112776.70,7646512.13,5.96,0.00053103,0.00036487,0.00033231,56.08,0.23100000,0.23040000,0.22990000,0.23072000,0.23234131,0.22990000,0.22745869,NORMAL,0.5275,27207.060752,BUY,80.0,2025-12-03T04:00:05.622Z
SANDUSDT,0.15255000,72193867.00,7216356.80,8.46,0.00051592,0.00049507,0.00004170,58.89,0.15273600,0.15266600,0.15184900,0.15187200,0.15360066,0.15184900,0.15009734,NORMAL,0.0156,-11619.942857,BUY,60.0,2025-12-03T04:00:01.460Z
PNUTUSDT,0.08932000,310203719.00,6953652.40,10.90,0.00027910,0.00021515,0.00012789,55.77,0.08945400,0.08924000,0.08878050,0.08942680,0.08997243,0.08878050,0.08758857,NORMAL,0.5455,-20839.204511,BUY,60.0,2025-12-03T04:00:02.382Z
XPINUSDT,0.00209900,2115678749.00,6638595.69,7.48,-0.00000010,-0.00000218,0.00000417,52.23,0.00209740,0.00208990,0.00208625,0.00209528,0.00211069,0.00208625,0.00206181,NORMAL,1.1180,963908.951880,BUY,80.0,2025-12-03T04:00:01.607Z
CFXUSDT,0.07491000,134390548.00,6572427.37,6.32,0.00011712,0.00013037,-0.00002650,53.40,0.07482000,0.07488200,0.07459650,0.07478520,0.07529602,0.07459650,0.07389698,NORMAL,0.0015,-34556.436842,SELL,55.0,2025-12-03T04:00:04.642Z
ALLOUSDT,0.15060000,242174285.00,6546488.54,11.31,0.00108265,0.00077696,0.00061138,56.13,0.15084000,0.14985000,0.14833500,0.14808200,0.15328769,0.14833500,0.14338231,NORMAL,0.5092,-9890.109023,BUY,60.0,2025-12-03T04:00:02.396Z
BANANAS31USDT,0.00405300,12760601771.00,6545850.61,13.59,0.00000726,-0.00000551,0.00002552,56.84,0.00404520,0.00401270,0.00398990,0.00408568,0.00408218,0.00398990,0.00389762,NORMAL,0.0015,-832406.660902,BUY,60.0,2025-12-03T04:00:02.473Z
4USDT,0.03017000,843015069.00,6454116.10,9.67,0.00016189,0.00014845,0.00002688,52.62,0.03026200,0.03028700,0.02996550,0.02998960,0.03083387,0.02996550,0.02909713,NORMAL,0.0005,95480.646617,BUY,80.0,2025-12-03T04:00:06.569Z
SKYUSDT,0.05596000,217382249.00,6318346.61,6.79,0.00008575,0.00003697,0.00009755,52.95,0.05598800,0.05598500,0.05566500,0.05601940,0.05643015,0.05566500,0.05489985,NORMAL,0.0063,-38253.483459,BUY,60.0,2025-12-03T04:00:02.428Z
1000CHEEMSUSDT,0.00128510,1736226307.00,6289125.24,7.77,0.00000922,0.00000790,0.00000265,79.55,0.00127672,0.00127326,0.00126346,0.00125070,0.00128601,0.00126346,0.00124091,NORMAL,2.5398,478587.394737,HOLD,60.0,2025-12-03T04:00:01.156Z
WUSDT,0.04299000,336744980.70,6282660.93,6.73,0.00000718,-0.00003403,0.00008242,52.24,0.04299200,0.04294900,0.04281750,0.04326920,0.04319016,0.04281750,0.04244484,NORMAL,0.3435,28239.053383,BUY,80.0,2025-12-03T04:00:03.019Z
CHZUSDT,0.03055000,218499754.00,6248001.85,5.86,0.00010420,0.00010724,-0.00000607,60.07,0.03057400,0.03058500,0.03045050,0.03036660,0.03075562,0.03045050,0.03014538,NORMAL,0.0011,-277327.070677,SELL,55.0,2025-12-03T04:00:02.380Z
1000FLOKIUSDT,0.04774000,473824894.00,6195236.79,10.82,0.00002359,0.00006994,-0.00009270,44.47,0.04790800,0.04796700,0.04796600,0.04814440,0.04821949,0.04796600,0.04771251,NORMAL,0.5550,-10551.121053,SELL,55.0,2025-12-03T04:00:02.392Z
PYTHUSDT,0.07337000,173868985.00,6192853.05,7.80,0.00027304,0.00024431,0.00005744,57.59,0.07350400,0.07345300,0.07295350,0.07305620,0.07402415,0.07295350,0.07188285,NORMAL,0.0285,-10995.860150,BUY,60.0,2025-12-03T04:00:05.619Z
BDXNUSDT,0.04845000,376149017.00,5637089.55,11.71,-0.00020260,-0.00027876,0.00015233,47.88,0.04851400,0.04834200,0.04825650,0.04938860,0.04896554,0.04825650,0.04754746,NORMAL,0.0141,-39379.198496,BUY,60.0,2025-12-03T04:00:04.600Z
ZORAUSDT,0.04757000,793610060.00,5538750.52,6.85,-0.00043728,-0.00042835,-0.00001786,31.76,0.04777400,0.04812100,0.04818400,0.04961940,0.04879893,0.04818400,0.04756907,OVERSOLD,0.0004,-267033.382707,SELL,55.0,2025-12-03T04:00:04.655Z
IOTAUSDT,0.10540000,69564906.90,5466367.10,9.91,0.00036744,0.00030187,0.00013114,55.57,0.10552000,0.10547000,0.10480000,0.10494800,0.10639750,0.10480000,0.10320250,NORMAL,0.7716,21860.421805,BUY,80.0,2025-12-03T04:00:01.615Z
MOODENGUSDT,0.07893000,397304640.00,5464044.43,10.72,0.00048725,0.00042477,0.00012496,56.15,0.07907200,0.07895700,0.07814800,0.07835280,0.07994421,0.07814800,0.07635179,NORMAL,0.0148,-6124.857143,BUY,60.0,2025-12-03T04:00:05.620Z
SPXUSDT,0.72610000,71019263.00,5364737.29,14.47,0.00693499,0.00597771,0.00191456,59.66,0.72934000,0.72819000,0.71561500,0.71353200,0.74219659,0.71561500,0.68903341,NORMAL,0.0008,-5397.272180,BUY,60.0,2025-12-03T04:00:02.432Z
NEIROUSDT,0.00013560,190820549623.00,5279531.48,12.53,0.00000020,0.00000036,-0.00000033,47.62,0.00013596,0.00013615,0.00013602,0.00013652,0.00013687,0.00013602,0.00013516,NORMAL,0.0785,-39747009.151128,SELL,55.0,2025-12-03T04:00:03.027Z
STABLEUSDT,0.03288000,377811539.00,5139587.31,37.23,0.00019869,0.00011863,0.00016013,53.28,0.03299600,0.03257300,0.03242200,0.03272620,0.03362630,0.03242200,0.03121770,NORMAL,0.0007,54436.991729,BUY,80.0,2025-12-03T04:00:02.454Z
USELESSUSDT,0.12130000,286929985.00,5075520.24,20.58,0.00069524,0.00063545,0.00011957,54.03,0.12180000,0.12161000,0.12025000,0.12052600,0.12400526,0.12025000,0.11649474,NORMAL,0.2039,-41372.913534,BUY,60.0,2025-12-03T04:00:02.050Z
ARKMUSDT,0.23610000,72396573.00,4882434.78,13.29,0.00108721,0.00100972,0.00015500,59.46,0.23628000,0.23579000,0.23430000,0.23432400,0.23761904,0.23430000,0.23098096,NORMAL,0.0688,1600.809023,BUY,80.0,2025-12-03T04:00:05.707Z
POPCATUSDT,0.10520000,160533202.00,4833710.88,9.58,0.00034357,0.00033151,0.00002412,50.89,0.10548000,0.10592000,0.10482000,0.10553200,0.10742967,0.10482000,0.10221033,NORMAL,0.0001,43791.613534,BUY,80.0,2025-12-03T04:00:05.693Z
WALUSDT,0.15990000,146114580.00,4721742.01,20.77,0.00034069,0.00065589,-0.00063041,48.63,0.16076000,0.16037000,0.16138000,0.15958200,0.16458287,0.16138000,0.15817713,NORMAL,0.4594,3562.923308,SELL,75.0,2025-12-03T04:00:03.027Z
2ZUSDT,0.12080000,114175003.00,4551577.55,13.81,0.00003690,0.00049506,-0.00091630,45.34,0.12111200,0.12185100,0.12259550,0.12072640,0.12535326,0.12259550,0.11983774,NORMAL,0.0037,-77368.981955,SELL,55.0,2025-12-03T04:00:05.682Z
GRTUSDT,0.04952000,165383244.00,4537813.41,7.00,0.00007783,0.00005783,0.00004000,54.07,0.04957200,0.04955000,0.04935100,0.04954280,0.04978357,0.04935100,0.04891843,NORMAL,0.0024,-38416.721053,BUY,60.0,2025-12-03T04:00:05.619Z
WCTUSDT,0.09360000,67866903.00,4525366.84,6.12,0.00011301,0.00010688,0.00001226,51.29,0.09364000,0.09380000,0.09343500,0.09375600,0.09438637,0.09343500,0.09248363,NORMAL,0.0002,-14031.237594,BUY,60.0,2025-12-03T04:00:03.083Z
FLOWUSDT,0.23100000,55653216.20,4427690.40,7.94,0.00149629,0.00134142,0.00030974,63.69,0.23060000,0.23020000,0.22830000,0.22690000,0.23259418,0.22830000,0.22400582,NORMAL,0.0295,6317.723233,BUY,80.0,2025-12-03T04:00:01.594Z
ACTUSDT,0.02232000,775514536.00,4189180.43,10.66,0.00016435,0.00015009,0.00002851,53.16,0.02213800,0.02233200,0.02199300,0.02197000,0.02350699,0.02199300,0.02047901,NORMAL,0.3625,3147779.245865,BUY,80.0,2025-12-03T04:00:04.674Z
PEOPLEUSDT,0.01018000,1268059477.00,4188429.95,7.72,0.00002002,0.00001200,0.00001605,57.03,0.01017000,0.01014500,0.01011050,0.01017020,0.01021257,0.01011050,0.01000843,NORMAL,0.0000,-211165.721053,BUY,60.0,2025-12-03T04:00:01.618Z
BEAMXUSDT,0.00337500,933236131.00,4148047.68,8.00,0.00000870,0.00000867,0.00000007,55.35,0.00337980,0.00338200,0.00336540,0.00336800,0.00340157,0.00336540,0.00332923,NORMAL,0.0005,-115289.252632,BUY,60.0,2025-12-03T04:00:03.091Z
SOPHUSDT,0.01642100,153088401.00,3817976.67,7.32,-0.00000005,-0.00000299,0.00000588,50.73,0.01642820,0.01640770,0.01640895,0.01648670,0.01652188,0.01640895,0.01629602,NORMAL,0.1514,-29479.706015,BUY,60.0,2025-12-03T04:00:02.392Z
ALTUSDT,0.01412000,642810984.00,3814650.01,12.87,0.00016100,0.00015219,0.00001762,59.99,0.01416000,0.01410500,0.01390800,0.01369080,0.01440710,0.01390800,0.01340890,NORMAL,0.0166,-605011.589474,BUY,60.0,2025-12-03T04:00:02.429Z
ANIMEUSDT,0.00657500,16705734754.00,3788589.66,11.18,0.00004554,0.00004566,-0.00000024,53.98,0.00660360,0.00660680,0.00654395,0.00647338,0.00670884,0.00654395,0.00637906,NORMAL,0.0211,-719873.356391,SELL,55.0,2025-12-03T04:00:04.647Z
SPKUSDT,0.02872000,210518665.00,3752266.59,8.09,0.00006001,0.00002131,0.00007742,59.90,0.02868200,0.02856000,0.02846950,0.02862160,0.02883174,0.02846950,0.02810726,NORMAL,1.0160,46042.967669,BUY,80.0,2025-12-03T04:00:01.594Z
MEMEUSDT,0.00124300,5914482431.00,3733421.04,5.43,0.00000042,0.00000087,-0.00000089,45.63,0.00124640,0.00124840,0.00124520,0.00125326,0.00125505,0.00124520,0.00123535,NORMAL,0.1931,-856849.406015,SELL,55.0,2025-12-03T04:00:03.069Z
EDENUSDT,0.07464000,153437862.00,3709160.54,5.26,0.00023527,0.00020321,0.00006412,55.50,0.07463400,0.07464900,0.07414450,0.07422140,0.07529539,0.07414450,0.07299361,NORMAL,0.0009,-46640.375940,BUY,60.0,2025-12-03T04:00:02.429Z
BOMEUSDT,0.00072110,17700235874.00,3670046.25,10.56,0.00000201,0.00000222,-0.00000041,52.32,0.00072330,0.00072285,0.00072052,0.00072238,0.00072715,0.00072052,0.00071389,NORMAL,0.5259,3556221.322556,SELL,75.0,2025-12-03T04:00:01.616Z
CELOUSDT,0.16800000,64668030.20,3633102.66,8.39,0.00040298,0.00046223,-0.00011851,52.93,0.16800000,0.16810000,0.16765000,0.16742000,0.16910258,0.16765000,0.16619742,NORMAL,0.0000,18765.583459,SELL,75.0,2025-12-03T04:00:04.593Z
SIGNUSDT,0.03851000,291549772.00,3567303.75,5.33,-0.00014301,-0.00011235,-0.00006131,36.72,0.03859800,0.03872200,0.03878900,0.03915960,0.03928482,0.03878900,0.03829318,NORMAL,0.0022,-144715.551128,SELL,55.0,2025-12-03T04:00:04.674Z
USUALUSDT,0.02653000,214154152.00,3559035.11,8.20,0.00010314,0.00010693,-0.00000760,55.00,0.02659800,0.02658400,0.02645100,0.02637360,0.02678380,0.02645100,0.02611820,NORMAL,0.7119,22757.306015,SELL,75.0,2025-12-03T04:00:03.023Z
TUTUSDT,0.01576000,356814015.00,3545849.60,6.06,0.00008253,0.00007634,0.00001238,64.17,0.01573200,0.01570900,0.01562500,0.01551740,0.01581761,0.01562500,0.01543239,NORMAL,0.0034,49775.839098,BUY,80.0,2025-12-03T04:00:03.091Z
BBUSDT,0.08438000,143906226.00,3494398.08,17.42,0.00080779,0.00078919,0.00003720,61.48,0.08421600,0.08417700,0.08313700,0.08226120,0.08545310,0.08313700,0.08082090,NORMAL,0.8420,52888.116541,BUY,80.0,2025-12-03T04:00:01.624Z
BRETTUSDT,0.02060000,2391120994.00,3429550.23,36.88,0.00021318,0.00024428,-0.00006221,58.57,0.02058200,0.02049500,0.02042550,0.02006580,0.02070845,0.02042550,0.02014255,NORMAL,0.0034,47058.510526,SELL,75.0,2025-12-03T04:00:01.615Z
YGGUSDT,0.07770000,105468589.00,3218016.15,7.47,0.00037834,0.00031574,0.00012520,58.87,0.07790000,0.07754000,0.07708000,0.07696400,0.07829425,0.07708000,0.07586575,NORMAL,0.0001,12352.341353,BUY,80.0,2025-12-03T04:00:04.625Z
MOVEUSDT,0.04845000,78559725.00,3125365.50,6.04,0.00001766,0.00000934,0.00001665,49.70,0.04850800,0.04852400,0.04840000,0.04869800,0.04868698,0.04840000,0.04811302,NORMAL,0.0065,-19397.633083,BUY,60.0,2025-12-03T04:00:01.907Z
AIXBTUSDT,0.04403000,256499948.00,3123090.76,10.02,0.00013196,0.00012696,0.00000999,54.15,0.04405200,0.04400600,0.04386700,0.04399860,0.04431525,0.04386700,0.04341875,NORMAL,0.7626,43635.881203,BUY,80.0,2025-12-03T04:00:03.025Z
NOTUSDT,0.00059510,13104817074.00,3060524.70,11.21,0.00000321,0.00000285,0.00000074,61.01,0.00059554,0.00059347,0.00059006,0.00058805,0.00059874,0.00059006,0.00058138,NORMAL,0.4892,933590.379699,BUY,80.0,2025-12-03T04:00:01.616Z
HIPPOUSDT,0.00112700,3167429983.00,3046869.61,9.63,0.00000003,0.00000005,-0.00000005,48.92,0.00112900,0.00112880,0.00112785,0.00113560,0.00113823,0.00112785,0.00111747,NORMAL,0.0006,154405.830075,SELL,75.0,2025-12-03T04:00:04.763Z
1000LUNCUSDT,0.02806000,270873490.00,2962106.62,5.93,0.00004948,0.00005202,-0.00000509,51.26,0.02812200,0.02814300,0.02803200,0.02807360,0.02829488,0.02803200,0.02776912,NORMAL,0.0000,-25816.645865,SELL,55.0,2025-12-03T04:00:05.567Z
JASMYUSDT,0.00734800,1024079200.00,2893955.88,9.30,0.00003687,0.00003889,-0.00000405,56.30,0.00737300,0.00737070,0.00732535,0.00728390,0.00743065,0.00732535,0.00722005,NORMAL,1.0167,241858.572932,SELL,75.0,2025-12-03T04:00:01.907Z
QUSDT,0.01070900,210713772.00,2843852.14,11.66,0.00009549,0.00006875,0.00005349,68.33,0.01063840,0.01055090,0.01044175,0.01036244,0.01072327,0.01044175,0.01016023,NORMAL,0.0087,34804.572932,BUY,80.0,2025-12-03T04:00:05.942Z
DOGSUSDT,0.00004940,1025320027524.00,2834381.21,19.32,0.00000044,0.00000052,-0.00000016,51.70,0.00004986,0.00004995,0.00004948,0.00004851,0.00005118,0.00004948,0.00004779,NORMAL,0.5391,101036318.648872,SELL,75.0,2025-12-03T04:00:03.025Z
RVNUSDT,0.00804000,398968901.00,2814090.93,5.24,0.00001868,0.00002273,-0.00000809,52.89,0.00805200,0.00806200,0.00803650,0.00802160,0.00809758,0.00803650,0.00797542,NORMAL,0.0435,-60752.662406,SELL,55.0,2025-12-03T04:00:04.738Z
IRYSUSDT,0.03244000,886457055.00,2809576.92,5.52,0.00037024,0.00017708,0.00038630,68.26,0.03242840,0.03182900,0.03125475,0.03121828,0.03279959,0.03125475,0.02970991,NORMAL,0.0066,-1544.860150,BUY,60.0,2025-12-03T04:00:05.620Z
ZILUSDT,0.00557000,818269021.00,2762189.38,7.95,0.00001717,0.00001786,-0.00000139,58.61,0.00556400,0.00556500,0.00554250,0.00553460,0.00559686,0.00554250,0.00548814,NORMAL,2.4466,167483.917293,SELL,75.0,2025-12-03T04:00:03.025Z
AWEUSDT,0.06455000,73271630.00,2682591.36,14.43,0.00148490,0.00110588,0.00075804,78.38,0.06423600,0.06266300,0.06112800,0.05955880,0.06551714,0.06112800,0.05673886,NORMAL,0.0043,94619.864662,HOLD,60.0,2025-12-03T04:00:04.744Z
AI16ZUSDT,0.06168000,1069133330.90,2663784.29,11.32,0.00000000,0.00000000,0.00000000,100.00,0.06168000,0.06168000,0.06168000,0.06168000,0.06168000,0.06168000,0.06168000,NORMAL,NaN,0.000000,HOLD,50.0,2025-12-03T04:00:03.008Z
REZUSDT,0.00645900,645427390.00,2618017.04,6.97,0.00002226,0.00002044,0.00000363,62.56,0.00645480,0.00645310,0.00641855,0.00641048,0.00649442,0.00641855,0.00634268,NORMAL,0.0111,-197816.810526,BUY,60.0,2025-12-03T04:00:01.608Z
RSRUSDT,0.00342200,1693775448.00,2595825.88,14.49,0.00002309,0.00002106,0.00000407,68.88,0.00342120,0.00340790,0.00338785,0.00336760,0.00343751,0.00338785,0.00333819,NORMAL,0.4501,32511.396241,BUY,80.0,2025-12-03T04:00:02.395Z
SKYAIUSDT,0.02096000,344680319.00,2583657.10,17.49,0.00013313,0.00010411,0.00005804,60.59,0.02098400,0.02091300,0.02068900,0.02063920,0.02121222,0.02068900,0.02016578,NORMAL,0.0031,41774.974436,BUY,80.0,2025-12-03T04:00:05.632Z
MEWUSDT,0.00117400,3753178514.00,2542076.80,12.78,0.00000002,0.00000048,-0.00000091,48.98,0.00117460,0.00117600,0.00117405,0.00118366,0.00118214,0.00117405,0.00116596,NORMAL,0.0000,-709430.394737,SELL,55.0,2025-12-03T04:00:02.393Z
1000SATSUSDT,0.00001750,529594600499.00,2514341.64,11.46,0.00000006,0.00000006,0.00000001,54.59,0.00001754,0.00001750,0.00001739,0.00001739,0.00001764,0.00001739,0.00001715,NORMAL,1.0547,7146273.479699,BUY,80.0,2025-12-03T04:00:01.589Z
GMTUSDT,0.01726000,416488379.00,2472362.37,11.28,0.00003378,0.00004102,-0.00001448,49.79,0.01732400,0.01730700,0.01728750,0.01729380,0.01740946,0.01728750,0.01716554,NORMAL,0.9068,-12466.584962,SELL,55.0,2025-12-03T04:00:02.429Z
GOATUSDT,0.04094000,136165661.00,2404283.22,7.91,0.00016766,0.00016560,0.00000413,55.42,0.04102800,0.04097500,0.04078250,0.04069080,0.04129770,0.04078250,0.04026730,NORMAL,2.2639,56739.584962,BUY,80.0,2025-12-03T04:00:02.379Z
YALAUSDT,0.03200000,1653727823.00,2402024.48,17.91,-0.00057223,-0.00032845,-0.00048755,34.08,0.03247200,0.03328900,0.03363700,0.03457380,0.03525809,0.03363700,0.03201591,OVERSOLD,0.8034,234533.002256,SELL,75.0,2025-12-03T04:00:01.589Z
ROSEUSDT,0.01399000,468387078.00,2398116.41,8.62,0.00004892,0.00004880,0.00000025,55.63,0.01397800,0.01397800,0.01390400,0.01389520,0.01409113,0.01390400,0.01371687,NORMAL,0.0242,-98405.420301,BUY,60.0,2025-12-03T04:00:05.619Z
STGUSDT,0.12510000,57059258.00,2387121.67,12.50,-0.00038638,-0.00032270,-0.00012736,44.18,0.12500000,0.12505000,0.12544000,0.12705800,0.12662895,0.12544000,0.12425105,NORMAL,0.2367,-37587.530827,SELL,55.0,2025-12-03T04:00:03.025Z
TAUSDT,0.02595000,65598267.00,2366247.38,7.86,0.00000388,0.00001339,-0.00001901,45.55,0.02609400,0.02605200,0.02606150,0.02613080,0.02639921,0.02606150,0.02572379,NORMAL,0.4211,-7475.729323,SELL,55.0,2025-12-03T04:00:03.025Z
BABYUSDT,0.01992000,157801164.00,2327815.74,9.45,0.00026355,0.00022961,0.00006787,72.48,0.01999000,0.01990900,0.01951400,0.01921540,0.02035591,0.01951400,0.01867209,NORMAL,0.0002,79788.886466,HOLD,60.0,2025-12-03T04:00:05.708Z
NAORISUSDT,0.02946000,577186544.00,2260170.65,48.79,0.00074458,0.00075618,-0.00002322,66.03,0.02943800,0.02933500,0.02857550,0.02704400,0.03029733,0.02857550,0.02685367,NORMAL,0.0038,247446.902256,SELL,75.0,2025-12-03T04:00:05.621Z
VELODROMEUSDT,0.02940000,50441074.00,2257500.24,10.73,0.00005062,0.00009475,-0.00008824,49.04,0.02945600,0.02947900,0.02955700,0.02933820,0.02992595,0.02955700,0.02918805,NORMAL,0.0000,-70682.175940,SELL,55.0,2025-12-03T04:00:02.996Z
ONEUSDT,0.00414000,752183820.00,2256586.70,11.29,0.00001452,0.00001491,-0.00000078,54.76,0.00413600,0.00413400,0.00411300,0.00411000,0.00416364,0.00411300,0.00406236,NORMAL,0.0088,-185716.084962,SELL,55.0,2025-12-03T04:00:02.461Z
DOODUSDT,0.00432000,1117444459.00,2244192.40,11.37,0.00002061,0.00001921,0.00000280,57.81,0.00430980,0.00430490,0.00428330,0.00426528,0.00435851,0.00428330,0.00420809,NORMAL,0.1593,-637547.609023,BUY,60.0,2025-12-03T04:00:01.531Z
APRUSDT,0.13409000,51962467.00,2215847.27,10.31,0.00146453,0.00137806,0.00017294,60.01,0.13436600,0.13457000,0.13201600,0.13038300,0.13733867,0.13201600,0.12669333,NORMAL,0.0072,24972.624060,BUY,80.0,2025-12-03T04:00:03.085Z
FIOUSDT,0.01222000,564730131.00,2206794.83,18.99,0.00012784,0.00017314,-0.00009059,52.97,0.01228800,0.01230900,0.01225550,0.01178360,0.01246301,0.01225550,0.01204799,NORMAL,0.0011,-223405.730075,SELL,55.0,2025-12-03T04:00:01.622Z
ACHUSDT,0.00949400,545059135.00,2191026.58,6.82,0.00002899,0.00003162,-0.00000526,55.96,0.00950620,0.00951370,0.00946965,0.00945066,0.00956768,0.00946965,0.00937162,NORMAL,0.0008,-15894.145113,SELL,55.0,2025-12-03T04:00:04.594Z
BLUAIUSDT,0.00689300,985531672.00,2183353.35,6.18,0.00003306,0.00003134,0.00000344,52.08,0.00691400,0.00695620,0.00685455,0.00687960,0.00710030,0.00685455,0.00660880,NORMAL,0.3719,44015.601504,BUY,80.0,2025-12-03T04:00:01.979Z
TACUSDT,0.00459700,1938010719.00,2181126.84,10.53,0.00003126,0.00003081,0.00000090,62.43,0.00451280,0.00451000,0.00452350,0.00445520,0.00466674,0.00452350,0.00438026,NORMAL,0.0010,-1339427.061654,BUY,60.0,2025-12-03T04:00:02.454Z
SAGAUSDT,0.07530000,77426676.20,2123433.30,7.42,0.00012869,0.00012550,0.00000638,51.85,0.07542000,0.07540000,0.07520500,0.07546200,0.07582942,0.07520500,0.07458058,NORMAL,0.6167,1023.225038,BUY,80.0,2025-12-03T04:00:02.415Z
MOCAUSDT,0.02310000,136484242.00,2101014.46,5.62,-0.00004378,-0.00002213,-0.00004330,35.45,0.02316800,0.02321600,0.02325700,0.02335040,0.02340735,0.02325700,0.02310665,OVERSOLD,0.0036,-30192.460902,SELL,55.0,2025-12-03T04:00:03.091Z
COTIUSDT,0.02898000,276152282.00,2040350.61,16.81,0.00059350,0.00060182,-0.00001664,62.12,0.02902800,0.02935500,0.02834150,0.02750760,0.03059533,0.02834150,0.02608767,NORMAL,0.0143,563886.319549,SELL,75.0,2025-12-03T04:00:04.647Z
CKBUSDT,0.00259000,1100018812.00,2022298.50,5.03,0.00000236,0.00000151,0.00000172,55.74,0.00258760,0.00258240,0.00258245,0.00258810,0.00260050,0.00258245,0.00256440,NORMAL,0.0073,55347.862406,BUY,80.0,2025-12-03T04:00:05.726Z
BROCCOLI714USDT,0.01440000,303516898.00,1990646.39,8.68,0.00004070,0.00002526,0.00003089,60.96,0.01439000,0.01435900,0.01427300,0.01432200,0.01447009,0.01427300,0.01407591,NORMAL,0.0004,2296.833835,BUY,80.0,2025-12-03T04:00:04.916Z
1MBABYDOGEUSDT,0.00071830,9081148682.00,1966930.25,8.67,0.00000386,0.00000422,-0.00000071,58.93,0.00071914,0.00072073,0.00071488,0.00071066,0.00072841,0.00071488,0.00070136,NORMAL,0.0001,2028548.975940,SELL,75.0,2025-12-03T04:00:01.746Z
TOSHIUSDT,0.00042540,12961159753.00,1964190.13,14.11,0.00000169,0.00000300,-0.00000262,51.84,0.00042370,0.00042655,0.00042702,0.00042095,0.00044068,0.00042702,0.00041336,NORMAL,0.0119,-9770021.100752,SELL,55.0,2025-12-03T04:00:05.708Z
AKEUSDT,0.00044240,25559556378.00,1962039.64,8.94,-0.00000216,-0.00000206,-0.00000020,43.38,0.00044228,0.00044428,0.00044465,0.00045630,0.00044989,0.00044465,0.00043940,NORMAL,0.0111,-1323178.496241,SELL,55.0,2025-12-03T04:00:02.397Z
MUBARAKUSDT,0.01694000,201655534.00,1960038.28,9.29,0.00008085,0.00008017,0.00000136,62.20,0.01692600,0.01693400,0.01682400,0.01676600,0.01707431,0.01682400,0.01657369,NORMAL,0.0011,-35198.272932,BUY,60.0,2025-12-03T04:00:04.642Z
ASTRUSDT,0.01330500,136752382.00,1939399.76,6.78,0.00003264,0.00003311,-0.00000095,55.02,0.01332680,0.01332810,0.01327185,0.01327030,0.01339483,0.01327185,0.01314887,NORMAL,0.0024,17429.741353,SELL,75.0,2025-12-03T04:00:05.708Z
XAIUSDT,0.01810000,254779316.00,1938241.97,7.55,0.00005971,0.00004115,0.00003712,61.68,0.01809000,0.01804900,0.01795450,0.01800860,0.01819362,0.01795450,0.01771538,NORMAL,0.5443,-5694.423308,BUY,60.0,2025-12-03T04:00:02.422Z
KOMAUSDT,0.01364000,55737426.00,1929872.41,6.98,0.00002931,0.00003047,-0.00000233,55.39,0.01363400,0.01363200,0.01359850,0.01358240,0.01367629,0.01359850,0.01352071,NORMAL,0.0016,-17798.051880,SELL,55.0,2025-12-03T04:00:05.712Z
BASUSDT,0.00440900,837518510.00,1877126.84,6.19,0.00000280,0.00000766,-0.00000971,46.89,0.00441640,0.00442500,0.00442520,0.00441734,0.00445965,0.00442520,0.00439075,NORMAL,0.0055,-108421.945113,SELL,55.0,2025-12-03T04:00:02.395Z
COMMONUSDT,0.00474200,645783341.00,1876572.03,6.59,0.00003182,0.00003702,-0.00001041,52.89,0.00477060,0.00475840,0.00475115,0.00467080,0.00482833,0.00475115,0.00467397,NORMAL,0.0091,-891226.469173,SELL,55.0,2025-12-03T04:00:01.817Z
CROSSUSDT,0.11939000,53539970.00,1849422.86,19.19,0.00045632,0.00086347,-0.00081430,50.93,0.11931800,0.11975400,0.12026000,0.11719100,0.12208058,0.12026000,0.11843942,NORMAL,0.3578,-23346.830827,SELL,55.0,2025-12-03T04:00:01.608Z
DEEPUSDT,0.04471000,348854248.00,1840993.38,29.52,0.00006748,0.00013719,-0.00013943,48.66,0.04492600,0.04482800,0.04496550,0.04480440,0.04573378,0.04496550,0.04419722,NORMAL,0.0017,-60101.381955,SELL,55.0,2025-12-03T04:00:04.667Z
ENJUSDT,0.03180000,84262272.00,1792972.24,7.00,0.00007929,0.00009299,-0.00002740,55.57,0.03183000,0.03184500,0.03175600,0.03171620,0.03198573,0.03175600,0.03152627,NORMAL,0.1298,-15926.608271,SELL,55.0,2025-12-03T04:00:03.012Z
ONTUSDT,0.07380000,61033167.20,1777308.67,11.65,0.00021694,0.00029149,-0.00014909,51.33,0.07402000,0.07416000,0.07390000,0.07360000,0.07457823,0.07390000,0.07322177,NORMAL,0.0004,-8583.740677,SELL,55.0,2025-12-03T04:00:05.693Z
BLURUSDT,0.03677000,81050256.00,1735192.55,6.73,0.00008882,0.00009272,-0.00000780,55.95,0.03679800,0.03677300,0.03667150,0.03663960,0.03690985,0.03667150,0.03643315,NORMAL,0.0008,-13640.569925,SELL,55.0,2025-12-03T04:00:05.737Z
COOKIEUSDT,0.05576000,70764172.00,1706537.89,12.06,0.00028930,0.00026801,0.00004257,58.29,0.05584800,0.05572900,0.05535750,0.05530220,0.05622216,0.05535750,0.05449284,NORMAL,0.0070,-24913.030075,BUY,60.0,2025-12-03T04:00:01.618Z
AEVOUSDT,0.04612000,73374384.30,1698705.08,10.55,0.00020527,0.00022457,-0.00003860,57.96,0.04616600,0.04616900,0.04594200,0.04572180,0.04644577,0.04594200,0.04543823,NORMAL,0.0245,-12505.080977,SELL,55.0,2025-12-03T04:00:04.681Z
BOBUSDT,0.01806000,3940665968.00,1691039.83,58.35,0.00165044,0.00093006,0.00144077,87.17,0.01719140,0.01486970,0.01308565,0.01198696,0.01834742,0.01308565,0.00782388,NORMAL,0.0836,22845358.835338,HOLD,60.0,2025-12-03T04:00:02.396Z
WOOUSDT,0.02698000,94056821.00,1664235.21,12.18,0.00011591,0.00010712,0.00001757,61.29,0.02696200,0.02687800,0.02681200,0.02670620,0.02717220,0.02681200,0.02645180,NORMAL,0.2498,-81249.062406,BUY,60.0,2025-12-03T04:00:03.091Z
VINEUSDT,0.03037000,119806812.00,1662995.86,6.75,0.00002862,0.00002196,0.00001331,50.61,0.03040600,0.03041900,0.03031350,0.03048140,0.03058935,0.03031350,0.03003765,NORMAL,0.0002,-17469.595489,BUY,60.0,2025-12-03T04:00:03.066Z
RAREUSDT,0.02511000,78173147.00,1645543.16,6.58,0.00002490,0.00002754,-0.00000528,53.13,0.02511600,0.02510700,0.02508350,0.02513100,0.02519125,0.02508350,0.02497575,NORMAL,0.2429,-6620.331579,SELL,55.0,2025-12-03T04:00:01.531Z
C98USDT,0.02690000,90962237.00,1587301.68,6.32,0.00004997,0.00005228,-0.00000462,48.02,0.02694000,0.02693000,0.02683000,0.02687400,0.02708377,0.02683000,0.02657623,NORMAL,0.0042,246.656391,SELL,75.0,2025-12-03T04:00:03.069Z
VANRYUSDT,0.01009000,393997526.00,1577862.93,8.49,0.00004044,0.00003248,0.00001592,59.56,0.01008800,0.01007200,0.01001650,0.01002360,0.01016282,0.01001650,0.00987018,NORMAL,0.1509,-42230.369925,BUY,60.0,2025-12-03T04:00:04.638Z
LYNUSDT,0.06920000,80690435.00,1531451.43,10.00,-0.00011016,-0.00012397,0.00002764,45.22,0.06925200,0.06942000,0.06936050,0.06977160,0.06983101,0.06936050,0.06888999,NORMAL,0.0000,5881.131579,BUY,80.0,2025-12-03T04:00:05.119Z
XNYUSDT,0.00412600,265100324.00,1529094.03,9.38,0.00000643,0.00000974,-0.00000661,51.21,0.00412840,0.00412950,0.00413000,0.00411748,0.00415423,0.00413000,0.00410577,NORMAL,0.0000,-39443.551128,SELL,55.0,2025-12-03T04:00:03.091Z
BIGTIMEUSDT,0.02409000,74717289.00,1491454.89,7.88,0.00006365,0.00007561,-0.00002392,54.92,0.02412400,0.02413200,0.02406850,0.02400560,0.02422111,0.02406850,0.02391589,NORMAL,0.0018,-11614.839850,SELL,55.0,2025-12-03T04:00:04.674Z
ANKRUSDT,0.00791400,253492455.00,1488454.24,5.92,0.00001406,0.00001443,-0.00000073,54.07,0.00792260,0.00792090,0.00790005,0.00790716,0.00795384,0.00790005,0.00784626,NORMAL,0.0061,-186523.523308,SELL,55.0,2025-12-03T04:00:04.839Z
RDNTUSDT,0.01070000,87007870.00,1451001.62,7.11,0.00003492,0.00002635,0.00001713,66.89,0.01066200,0.01064100,0.01059050,0.01059860,0.01071273,0.01059050,0.01046827,NORMAL,1.0296,-7207.008271,BUY,60.0,2025-12-03T04:00:04.711Z
CETUSUSDT,0.02892000,67576539.00,1439256.15,10.89,0.00022314,0.00021400,0.00001830,63.92,0.02896200,0.02887800,0.02862450,0.02834560,0.02917646,0.02862450,0.02807254,NORMAL,0.0152,4566.021805,BUY,80.0,2025-12-03T04:00:05.619Z
LUNA2USDT,0.07136000,52205702.00,1437404.22,5.97,0.00011027,0.00010292,0.00001470,53.31,0.07144400,0.07145300,0.07120100,0.07132640,0.07179298,0.07120100,0.07060902,NORMAL,0.0007,-6992.229323,BUY,60.0,2025-12-03T04:00:01.615Z
HMSTRUSDT,0.00022930,18988124332.00,1404268.99,7.05,0.00000049,0.00000066,-0.00000034,51.45,0.00022956,0.00023011,0.00022941,0.00022924,0.00023155,0.00022941,0.00022727,NORMAL,0.1425,-6041903.648120,SELL,55.0,2025-12-03T04:00:03.091Z
TRUUSDT,0.01223000,141401583.00,1379630.55,5.25,0.00002082,0.00002067,0.00000031,55.30,0.01223200,0.01223300,0.01219800,0.01221240,0.01227939,0.01219800,0.01211661,NORMAL,0.0002,-7257.461654,BUY,60.0,2025-12-03T04:00:05.622Z
FIDAUSDT,0.04690000,73068400.00,1350216.39,7.54,0.00014782,0.00014333,0.00000899,56.76,0.04694200,0.04695400,0.04670600,0.04664420,0.04725589,0.04670600,0.04615611,NORMAL,0.0058,-6948.288722,BUY,60.0,2025-12-03T04:00:04.655Z
ATAUSDT,0.02100000,119718652.00,1288590.53,8.81,0.00000789,0.00002863,-0.00004148,46.96,0.02106000,0.02110000,0.02109500,0.02110400,0.02126792,0.02109500,0.02092208,NORMAL,0.0000,-27264.115038,SELL,55.0,2025-12-03T04:00:05.626Z
PIXELUSDT,0.01103000,173980852.00,1284110.86,7.09,0.00001928,0.00002387,-0.00000918,49.22,0.01106000,0.01108200,0.01103650,0.01105480,0.01114862,0.01103650,0.01092438,NORMAL,0.0000,-41482.369173,SELL,55.0,2025-12-03T04:00:05.619Z
HOTUSDT,0.00053000,3512407979.00,1283325.73,7.07,0.00000156,0.00000129,0.00000053,59.53,0.00053020,0.00052950,0.00052705,0.00052760,0.00053316,0.00052705,0.00052094,NORMAL,0.1121,-431301.742857,BUY,60.0,2025-12-03T04:00:01.907Z
TOWNSUSDT,0.00784700,368619646.00,1185393.98,7.36,0.00003320,0.00003106,0.00000428,59.56,0.00785760,0.00785580,0.00780100,0.00777274,0.00791636,0.00780100,0.00768564,NORMAL,0.0000,15619.069173,BUY,80.0,2025-12-03T04:00:01.619Z
PROMPTUSDT,0.05710000,81103679.00,1178384.90,6.57,0.00025209,0.00024180,0.00002057,53.53,0.05719800,0.05734000,0.05686150,0.05683260,0.05795467,0.05686150,0.05576833,NORMAL,0.0014,-64002.106015,BUY,60.0,2025-12-03T04:00:03.013Z
HOOKUSDT,0.04350000,57599033.50,1171491.20,7.99,0.00000886,0.00001808,-0.00001845,51.03,0.04344800,0.04348100,0.04345200,0.04363560,0.04364191,0.04345200,0.04326209,NORMAL,0.0026,-8291.533158,SELL,55.0,2025-12-03T04:00:02.397Z
EPTUSDT,0.00229500,325611527.00,1157120.94,7.39,0.00001531,0.00001060,0.00000943,70.12,0.00228920,0.00227450,0.00225440,0.00224810,0.00230355,0.00225440,0.00220525,NORMAL,0.0065,132444.886466,HOLD,60.0,2025-12-03T04:00:03.025Z
1000CATUSDT,0.00335200,902404267.00,1130162.24,10.19,0.00001810,0.00001816,-0.00000012,61.47,0.00335400,0.00335180,0.00332990,0.00330832,0.00337700,0.00332990,0.00328280,NORMAL,0.0000,-285819.524060,SELL,55.0,2025-12-03T04:00:04.647Z
ARPAUSDT,0.01445000,131543533.00,1122533.19,7.43,0.00004253,0.00004343,-0.00000181,58.03,0.01446000,0.01445000,0.01439950,0.01435880,0.01451874,0.01439950,0.01428026,NORMAL,0.0708,-17867.195489,SELL,55.0,2025-12-03T04:00:02.382Z
CUDISUSDT,0.02737000,78895445.00,1116196.75,8.48,0.00006393,0.00006759,-0.00000732,57.45,0.02736000,0.02733900,0.02728450,0.02724820,0.02744790,0.02728450,0.02712110,NORMAL,0.0273,-15399.446617,SELL,55.0,2025-12-03T04:00:04.980Z
GUNUSDT,0.01234000,92471424.00,1099527.33,6.01,-0.00000004,0.00000669,-0.00001346,45.97,0.01236800,0.01238200,0.01237150,0.01241160,0.01246189,0.01237150,0.01228111,NORMAL,0.0096,-34355.974436,SELL,55.0,2025-12-03T04:00:03.023Z
USTCUSDT,0.00600000,216328504.00,1099253.30,5.86,0.00000689,0.00000941,-0.00000505,48.90,0.00601120,0.00602010,0.00600370,0.00600410,0.00604502,0.00600370,0.00596238,NORMAL,0.0000,-11263.024812,SELL,55.0,2025-12-03T04:00:05.720Z
NOMUSDT,0.01043000,207297096.00,1060700.93,6.54,0.00000470,0.00001177,-0.00001413,45.04,0.01044600,0.01047200,0.01045050,0.01047920,0.01053687,0.01045050,0.01036413,NORMAL,0.2580,-69402.632331,SELL,55.0,2025-12-03T04:00:04.725Z
CHILLGUYUSDT,0.02065000,139552856.00,1028232.83,6.50,-0.00002856,-0.00003405,0.00001098,46.66,0.02068800,0.02076300,0.02062250,0.02097460,0.02100788,0.02062250,0.02023712,NORMAL,0.0135,-91535.127068,BUY,60.0,2025-12-03T04:00:05.708Z
WAXPUSDT,0.00908000,172433988.00,1025835.43,6.45,0.00000949,0.00001019,-0.00000138,53.24,0.00907800,0.00906700,0.00906900,0.00907620,0.00912073,0.00906900,0.00901727,NORMAL,0.8161,-5329.896241,SELL,55.0,2025-12-03T04:00:04.667Z
GUSDT,0.00519800,171638473.00,992539.94,7.24,0.00002628,0.00002345,0.00000565,71.53,0.00519620,0.00518220,0.00515620,0.00512936,0.00521736,0.00515620,0.00509504,NORMAL,0.2694,-4280.002256,HOLD,40.0,2025-12-03T04:00:01.696Z
1000XECUSDT,0.01207000,88252553.00,973095.09,5.42,0.00003568,0.00002841,0.00001455,63.14,0.01205800,0.01202700,0.01199450,0.01197900,0.01209618,0.01199450,0.01189282,NORMAL,1.0911,12025.775940,BUY,80.0,2025-12-03T04:00:01.901Z
DEGENUSDT,0.00146000,2915525636.00,970670.87,23.41,0.00001367,0.00001474,-0.00000214,63.38,0.00144720,0.00144460,0.00144020,0.00140944,0.00146261,0.00144020,0.00141779,NORMAL,0.0051,-578487.512030,SELL,55.0,2025-12-03T04:00:04.887Z
CELRUSDT,0.00424000,325514961.00,936441.17,7.07,-0.00000230,-0.00000531,0.00000601,53.44,0.00422800,0.00422400,0.00422100,0.00425500,0.00425782,0.00422100,0.00418418,NORMAL,1.7531,-7254.136090,BUY,60.0,2025-12-03T04:00:02.404Z
TOKENUSDT,0.00415300,342177545.00,927392.73,5.51,0.00000753,0.00000955,-0.00000403,48.98,0.00416440,0.00417790,0.00415380,0.00416358,0.00421332,0.00415380,0.00409428,NORMAL,0.0002,10157.696992,SELL,75.0,2025-12-03T04:00:01.616Z
VTHOUSDT,0.00100300,751081667.00,906189.45,7.62,0.00000396,0.00000414,-0.00000037,61.35,0.00100440,0.00100380,0.00099940,0.00099418,0.00100879,0.00099940,0.00099001,NORMAL,0.0000,-189717.479699,SELL,55.0,2025-12-03T04:00:03.028Z
REIUSDT,0.00849000,397935687.00,899658.16,7.47,0.00001315,0.00001551,-0.00000471,50.29,0.00850600,0.00851000,0.00849100,0.00849260,0.00854928,0.00849100,0.00843272,NORMAL,0.2745,-16882.886466,SELL,55.0,2025-12-03T04:00:01.895Z
TLMUSDT,0.00233700,780537282.00,814817.11,6.13,0.00000253,0.00000336,-0.00000166,47.93,0.00234320,0.00234650,0.00233940,0.00234484,0.00235710,0.00233940,0.00232170,NORMAL,0.0064,-58387.618797,SELL,55.0,2025-12-03T04:00:05.658Z
B3USDT,0.00106100,2137510338.00,598111.71,7.83,0.00000246,0.00000150,0.00000192,51.63,0.00106460,0.00106340,0.00105825,0.00106388,0.00107181,0.00105825,0.00104469,NORMAL,0.4009,-277804.581203,BUY,60.0,2025-12-03T04:00:02.396Z
ZRCUSDT,0.00761000,354295794.00,505100.46,10.13,-0.00001735,-0.00000828,-0.00001814,46.43,0.00760200,0.00761700,0.00764150,0.00766760,0.00774175,0.00764150,0.00754125,NORMAL,0.0001,-116232.330827,SELL,55.0,2025-12-03T04:00:05.620Z
SLPUSDT,0.00089300,771082491.00,478461.34,8.11,0.00000259,0.00000251,0.00000017,57.35,0.00089420,0.00089420,0.00088990,0.00088990,0.00089965,0.00088990,0.00088015,NORMAL,0.1424,-155732.248120,BUY,60.0,2025-12-03T04:00:02.422Z
ALPACAUSDT,1.19000000,11619631791.00,0.00,391.23,0.00000000,0.00000000,0.00000000,100.00,1.19000000,1.19000000,1.19000000,1.19000000,1.19000000,1.19000000,1.19000000,NORMAL,NaN,0.000000,HOLD,50.0,2025-12-03T04:00:04.605Z
BNXUSDT,2.00000000,318403038.10,0.00,66.38,0.00000000,0.00000000,0.00000000,100.00,2.00000000,2.00000000,2.00000000,2.00000000,2.00000000,2.00000000,2.00000000,NORMAL,NaN,0.000000,HOLD,50.0,2025-12-03T04:00:03.020Z
ALPHAUSDT,0.02027000,17014680239.00,0.00,36.41,0.00000000,0.00000000,0.00000000,100.00,0.02027000,0.02027000,0.02027000,0.02027000,0.02027000,0.02027000,0.02027000,NORMAL,NaN,0.000000,HOLD,50.0,2025-12-03T04:00:02.372Z
OCEANUSDT,0.70700000,102001641.00,0.00,18.94,0.00000000,0.00000000,0.00000000,100.00,0.70700000,0.70700000,0.70700000,0.70700000,0.70700000,0.70700000,0.70700000,NORMAL,NaN,0.000000,HOLD,50.0,2025-12-03T04:00:02.386Z
DGBUSDT,0.01922000,2592148978.00,0.00,18.86,0.00000000,0.00000000,0.00000000,100.00,0.01922000,0.01922000,0.01922000,0.01922000,0.01922000,0.01922000,0.01922000,NORMAL,NaN,0.000000,HOLD,50.0,2025-12-03T04:00:05.618Z
AGIXUSDT,0.70090000,176909480.00,0.00,18.78,-0.00000000,-0.00000000,-0.00000000,100.00,0.70090000,0.70090000,0.70090000,0.70090000,0.70090000,0.70090000,0.70090000,NORMAL,NaN,0.000000,SELL,65.0,2025-12-03T04:00:03.008Z
LINAUSDT,0.00074200,106308520520.80,0.00,13.63,0.00000000,0.00000000,0.00000000,100.00,0.00074200,0.00074200,0.00074200,0.00074200,0.00074200,0.00074200,0.00074200,NORMAL,NaN,0.000000,HOLD,50.0,2025-12-03T04:00:04.598Z
LOKAUSDT,0.11323000,179673239.00,0.00,10.64,0.00000000,0.00000000,0.00000000,100.00,0.11323000,0.11323000,0.11323000,0.11323000,0.11323000,0.11323000,0.11323000,NORMAL,NaN,0.000000,HOLD,50.0,2025-12-03T04:00:03.020Z
KEYUSDT,0.00251770,7324548969.00,0.00,9.11,-0.00000000,-0.00000000,-0.00000000,100.00,0.00251770,0.00251770,0.00251770,0.00251770,0.00251770,0.00251770,0.00251770,NORMAL,NaN,0.000000,SELL,65.0,2025-12-03T04:00:01.617Z
MDTUSDT,0.06331000,210133426.00,0.00,7.65,0.00000000,0.00000000,0.00000000,100.00,0.06331000,0.06331000,0.06331000,0.06331000,0.06331000,0.06331000,0.06331000,NORMAL,NaN,0.000000,HOLD,50.0,2025-12-03T04:00:05.618Z
UXLINKUSDT,0.07290000,1490594355.00,0.00,6.89,0.00000000,0.00000000,0.00000000,100.00,0.07290000,0.07290000,0.07290000,0.07290000,0.07290000,0.07290000,0.07290000,NORMAL,NaN,0.000000,HOLD,50.0,2025-12-03T04:00:04.621Z
LOOMUSDT,0.08112000,185311681.00,0.00,5.60,0.00000000,0.00000000,0.00000000,100.00,0.08112000,0.08112000,0.08112000,0.08112000,0.08112000,0.08112000,0.08112000,NORMAL,NaN,0.000000,HOLD,50.0,2025-12-03T04:00:04.664Z